,PmtNo,BuyersPrice,SellersPrice,PNL,Rev,Exp,MtgBegBal,MtgPrinPaid,MtgIntPaid,MtgPrinArr,MtgIntArr,MtgEndBal,ArrBegBal,ArrAdded,ArrPaid,ArrForgiven,ArrEndBal,FinCost,DDCost,AcqCost,ServCost,FCCost,RehabCost,BK13Cost,SalesCommission,FirstLienPmt,AmortBegBal,AmortPrinDue,AmortIntDue,AmortEndBal
2017-12-01,1,0.0,0.0,-443.0,0.0,443.0,28182.34,0.0,0.0,16.53480755122291,429.06519244889535,28165.805192448777,1385.5,445.60000000011826,0.0,0.0,1831.1000000001181,0.0,318.0,55.0,70.0,0.0,0.0,0.0,0.0,0.0,28182.34,16.53480755122291,429.06519244889535,28165.805192448777
2018-01-01,2,0.0,0.0,0.0,0.0,0.0,28165.805192448777,0.0,0.0,16.7865435810927,428.8134564190245,28149.018648867685,1831.1000000001181,445.6000000001172,0.0,0.0,2276.7000000002354,0.0,0.0,0.0,0.0,0.0,0.0,0.0,0.0,0.0,28165.805192448777,16.7865435810927,428.8134564190245,28149.018648867685
2018-02-01,3,0.0,0.0,0.0,0.0,0.0,28149.018648867685,0.0,0.0,17.04211219435092,428.5578878057662,28131.976536673334,2276.7000000002354,445.6000000001171,0.0,0.0,2722.3000000003526,0.0,0.0,0.0,0.0,0.0,0.0,0.0,0.0,0.0,28149.018648867685,17.04211219435092,428.5578878057662,28131.976536673334
2018-03-01,4,0.0,0.0,3152.900000000472,3167.900000000472,15.0,28131.976536673334,17.301571740594227,428.2984282595254,0.0,0.0,28114.67496493274,2722.3000000003526,0.0,2722.3000000003526,0.0,0.0,0.0,0.0,0.0,15.0,0.0,0.0,0.0,0.0,0.0,28131.976536673334,17.301571740594227,428.2984282595254,28114.67496493274
2018-04-01,5,0.0,0.0,430.600000000116,445.600000000116,15.0,28114.67496493274,17.56498145775913,428.03501854235685,0.0,0.0,28097.10998347498,0.0,0.0,0.0,0.0,0.0,0.0,0.0,0.0,15.0,0.0,0.0,0.0,0.0,0.0,28114.67496493274,17.56498145775913,428.03501854235685,28097.10998347498
2018-05-01,6,0.0,0.0,430.6000000001181,445.6000000001181,15.0,28097.10998347498,17.83240148567711,427.767598514441,0.0,0.0,28079.277581989303,0.0,0.0,0.0,0.0,0.0,0.0,0.0,0.0,15.0,0.0,0.0,0.0,0.0,0.0,28097.10998347498,17.83240148567711,427.767598514441,28079.277581989303
2018-06-01,7,0.0,26350.61408847421,26781.214088474328,26796.214088474328,15.0,28079.277581989303,18.103892879767955,427.4961071203524,0.0,0.0,28061.173689109535,0.0,0.0,0.0,0.0,0.0,0.0,0.0,0.0,15.0,0.0,0.0,0.0,0.0,0.0,28079.277581989303,18.103892879767955,427.4961071203524,28061.173689109535
2018-07-01,8,0.0,0.0,0.0,0.0,0.0,28061.173689109535,0.0,0.0,0.0,0.0,28061.173689109535,0.0,0.0,0.0,0.0,0.0,0.0,0.0,0.0,0.0,0.0,0.0,0.0,0.0,0.0,28061.173689109535,18.37951762499506,427.22048237512075,28042.79417148454
2018-08-01,9,0.0,0.0,0.0,0.0,0.0,28061.173689109535,0.0,0.0,0.0,0.0,28061.173689109535,0.0,0.0,0.0,0.0,0.0,0.0,0.0,0.0,0.0,0.0,0.0,0.0,0.0,0.0,28042.79417148454,18.65933865003535,426.94066135007864,28024.134832834505
2018-09-01,10,0.0,0.0,0.0,0.0,0.0,28061.173689109535,0.0,0.0,0.0,0.0,28061.173689109535,0.0,0.0,0.0,0.0,0.0,0.0,0.0,0.0,0.0,0.0,0.0,0.0,0.0,0.0,28024.134832834505,18.943419841627474,426.6565801584939,28005.191412992877
2018-10-01,11,0.0,0.0,0.0,0.0,0.0,28061.173689109535,0.0,0.0,0.0,0.0,28061.173689109535,0.0,0.0,0.0,0.0,0.0,0.0,0.0,0.0,0.0,0.0,0.0,0.0,0.0,0.0,28005.191412992877,19.23182605913462,426.36817394098364,27985.959586933743
2018-11-01,12,0.0,0.0,0.0,0.0,0.0,28061.173689109535,0.0,0.0,0.0,0.0,28061.173689109535,0.0,0.0,0.0,0.0,0.0,0.0,0.0,0.0,0.0,0.0,0.0,0.0,0.0,0.0,27985.959586933743,19.524623149412946,426.0753768507063,27966.43496378433
2018-12-01,13,0.0,0.0,0.0,0.0,0.0,28061.173689109535,0.0,0.0,0.0,0.0,28061.173689109535,0.0,0.0,0.0,0.0,0.0,0.0,0.0,0.0,0.0,0.0,0.0,0.0,0.0,0.0,27966.43496378433,19.821877961785503,425.7781220383275,27946.613085822544
2019-01-01,14,0.0,0.0,0.0,0.0,0.0,28061.173689109535,0.0,0.0,0.0,0.0,28061.173689109535,0.0,0.0,0.0,0.0,0.0,0.0,0.0,0.0,0.0,0.0,0.0,0.0,0.0,0.0,27946.613085822544,20.123658363361756,425.47634163675787,27926.489427459182
2019-02-01,15,0.0,0.0,0.0,0.0,0.0,28061.173689109535,0.0,0.0,0.0,0.0,28061.173689109535,0.0,0.0,0.0,0.0,0.0,0.0,0.0,0.0,0.0,0.0,0.0,0.0,0.0,0.0,27926.489427459182,20.430033254458976,425.1699667456576,27906.059394204724
2019-03-01,16,0.0,0.0,0.0,0.0,0.0,28061.173689109535,0.0,0.0,0.0,0.0,28061.173689109535,0.0,0.0,0.0,0.0,0.0,0.0,0.0,0.0,0.0,0.0,0.0,0.0,0.0,0.0,27906.059394204724,20.741072584412905,424.8589274157062,27885.31832162031
2019-04-01,17,0.0,0.0,0.0,0.0,0.0,28061.173689109535,0.0,0.0,0.0,0.0,28061.173689109535,0.0,0.0,0.0,0.0,0.0,0.0,0.0,0.0,0.0,0.0,0.0,0.0,0.0,0.0,27885.31832162031,21.056847367482987,424.54315263263186,27864.261474252828
2019-05-01,18,0.0,0.0,0.0,0.0,0.0,28061.173689109535,0.0,0.0,0.0,0.0,28061.173689109535,0.0,0.0,0.0,0.0,0.0,0.0,0.0,0.0,0.0,0.0,0.0,0.0,0.0,0.0,27864.261474252828,21.37742969912142,424.2225703009981,27842.884044553706
2019-06-01,19,0.0,0.0,0.0,0.0,0.0,28061.173689109535,0.0,0.0,0.0,0.0,28061.173689109535,0.0,0.0,0.0,0.0,0.0,0.0,0.0,0.0,0.0,0.0,0.0,0.0,0.0,0.0,27842.884044553706,21.70289277237316,423.8971072277431,27821.181151781333
2019-07-01,20,0.0,0.0,0.0,0.0,0.0,28061.173689109535,0.0,0.0,0.0,0.0,28061.173689109535,0.0,0.0,0.0,0.0,0.0,0.0,0.0,0.0,0.0,0.0,0.0,0.0,0.0,0.0,27821.181151781333,22.03331089465064,423.5666891054695,27799.147840886682
2019-08-01,21,0.0,0.0,0.0,0.0,0.0,28061.173689109535,0.0,0.0,0.0,0.0,28061.173689109535,0.0,0.0,0.0,0.0,0.0,0.0,0.0,0.0,0.0,0.0,0.0,0.0,0.0,0.0,27799.147840886682,22.368759504639456,423.2312404954783,27776.779081382043
2019-09-01,22,0.0,0.0,0.0,0.0,0.0,28061.173689109535,0.0,0.0,0.0,0.0,28061.173689109535,0.0,0.0,0.0,0.0,0.0,0.0,0.0,0.0,0.0,0.0,0.0,0.0,0.0,0.0,27776.779081382043,22.709315189571498,422.8906848105458,27754.06976619247
2019-10-01,23,0.0,0.0,0.0,0.0,0.0,28061.173689109535,0.0,0.0,0.0,0.0,28061.173689109535,0.0,0.0,0.0,0.0,0.0,0.0,0.0,0.0,0.0,0.0,0.0,0.0,0.0,0.0,27754.06976619247,23.055055702679965,422.5449442974374,27731.01471048979
2019-11-01,24,0.0,0.0,0.0,0.0,0.0,28061.173689109535,0.0,0.0,0.0,0.0,28061.173689109535,0.0,0.0,0.0,0.0,0.0,0.0,0.0,0.0,0.0,0.0,0.0,0.0,0.0,0.0,27731.01471048979,23.40605998095998,422.1939400191556,27707.60865050883
2019-12-01,25,0.0,0.0,0.0,0.0,0.0,28061.173689109535,0.0,0.0,0.0,0.0,28061.173689109535,0.0,0.0,0.0,0.0,0.0,0.0,0.0,0.0,0.0,0.0,0.0,0.0,0.0,0.0,27707.60865050883,23.762408163198415,421.8375918369181,27683.846242345633
2020-01-01,26,0.0,0.0,0.0,0.0,0.0,28061.173689109535,0.0,0.0,0.0,0.0,28061.173689109535,0.0,0.0,0.0,0.0,0.0,0.0,0.0,0.0,0.0,0.0,0.0,0.0,0.0,0.0,27683.846242345633,24.124181608258368,421.4758183918602,27659.722060737375
2020-02-01,27,0.0,0.0,0.0,0.0,0.0,28061.173689109535,0.0,0.0,0.0,0.0,28061.173689109535,0.0,0.0,0.0,0.0,0.0,0.0,0.0,0.0,0.0,0.0,0.0,0.0,0.0,0.0,27659.722060737375,24.491462913654686,421.10853708646044,27635.23059782372
2020-03-01,28,0.0,0.0,0.0,0.0,0.0,28061.173689109535,0.0,0.0,0.0,0.0,28061.173689109535,0.0,0.0,0.0,0.0,0.0,0.0,0.0,0.0,0.0,0.0,0.0,0.0,0.0,0.0,27635.23059782372,24.864335934435076,420.7356640656821,27610.366261889285
2020-04-01,29,0.0,0.0,0.0,0.0,0.0,28061.173689109535,0.0,0.0,0.0,0.0,28061.173689109535,0.0,0.0,0.0,0.0,0.0,0.0,0.0,0.0,0.0,0.0,0.0,0.0,0.0,0.0,27610.366261889285,25.24288580229768,420.3571141978279,27585.123376086987
2020-05-01,30,0.0,0.0,0.0,0.0,0.0,28061.173689109535,0.0,0.0,0.0,0.0,28061.173689109535,0.0,0.0,0.0,0.0,0.0,0.0,0.0,0.0,0.0,0.0,0.0,0.0,0.0,0.0,27585.123376086987,25.627198945006967,419.9728010551035,27559.49617714198
2020-06-01,31,0.0,0.0,0.0,0.0,0.0,28061.173689109535,0.0,0.0,0.0,0.0,28061.173689109535,0.0,0.0,0.0,0.0,0.0,0.0,0.0,0.0,0.0,0.0,0.0,0.0,0.0,0.0,27559.49617714198,26.01736310623528,419.5826368938853,27533.478814035745
2020-07-01,32,0.0,0.0,0.0,0.0,0.0,28061.173689109535,0.0,0.0,0.0,0.0,28061.173689109535,0.0,0.0,0.0,0.0,0.0,0.0,0.0,0.0,0.0,0.0,0.0,0.0,0.0,0.0,27533.478814035745,26.413467365429824,419.18653263468644,27507.065346670315
2020-08-01,33,0.0,0.0,0.0,0.0,0.0,28061.173689109535,0.0,0.0,0.0,0.0,28061.173689109535,0.0,0.0,0.0,0.0,0.0,0.0,0.0,0.0,0.0,0.0,0.0,0.0,0.0,0.0,27507.065346670315,26.815602158298134,418.78439784182007,27480.249744512017
2020-09-01,34,0.0,0.0,0.0,0.0,0.0,28061.173689109535,0.0,0.0,0.0,0.0,28061.173689109535,0.0,0.0,0.0,0.0,0.0,0.0,0.0,0.0,0.0,0.0,0.0,0.0,0.0,0.0,27480.249744512017,27.22385929736629,418.3761407027506,27453.02588521465
2020-10-01,35,0.0,0.0,0.0,0.0,0.0,28061.173689109535,0.0,0.0,0.0,0.0,28061.173689109535,0.0,0.0,0.0,0.0,0.0,0.0,0.0,0.0,0.0,0.0,0.0,0.0,0.0,0.0,27453.02588521465,27.638331992988242,417.96166800713246,27425.387553221663
2020-11-01,36,0.0,0.0,0.0,0.0,0.0,28061.173689109535,0.0,0.0,0.0,0.0,28061.173689109535,0.0,0.0,0.0,0.0,0.0,0.0,0.0,0.0,0.0,0.0,0.0,0.0,0.0,0.0,27425.387553221663,28.059114874587976,417.5408851255287,27397.328438347075
2020-12-01,37,0.0,0.0,0.0,0.0,0.0,28061.173689109535,0.0,0.0,0.0,0.0,28061.173689109535,0.0,0.0,0.0,0.0,0.0,0.0,0.0,0.0,0.0,0.0,0.0,0.0,0.0,0.0,27397.328438347075,28.486304012312758,417.1136959878059,27368.84213433476
2021-01-01,38,0.0,0.0,0.0,0.0,0.0,28061.173689109535,0.0,0.0,0.0,0.0,28061.173689109535,0.0,0.0,0.0,0.0,0.0,0.0,0.0,0.0,0.0,0.0,0.0,0.0,0.0,0.0,27368.84213433476,28.919996938911936,416.6800030612,27339.92213739585
2021-02-01,39,0.0,0.0,0.0,0.0,0.0,28061.173689109535,0.0,0.0,0.0,0.0,28061.173689109535,0.0,0.0,0.0,0.0,0.0,0.0,0.0,0.0,0.0,0.0,0.0,0.0,0.0,0.0,27339.92213739585,29.360292672074138,416.23970732804884,27310.561844723776
2021-03-01,40,0.0,0.0,0.0,0.0,0.0,28061.173689109535,0.0,0.0,0.0,0.0,28061.173689109535,0.0,0.0,0.0,0.0,0.0,0.0,0.0,0.0,0.0,0.0,0.0,0.0,0.0,0.0,27310.561844723776,29.807291736931802,415.7927082631841,27280.754552986844
2021-04-01,41,0.0,0.0,0.0,0.0,0.0,28061.173689109535,0.0,0.0,0.0,0.0,28061.173689109535,0.0,0.0,0.0,0.0,0.0,0.0,0.0,0.0,0.0,0.0,0.0,0.0,0.0,0.0,27280.754552986844,30.26109618913688,415.33890381098155,27250.493456797707
2021-05-01,42,0.0,0.0,0.0,0.0,0.0,28061.173689109535,0.0,0.0,0.0,0.0,28061.173689109535,0.0,0.0,0.0,0.0,0.0,0.0,0.0,0.0,0.0,0.0,0.0,0.0,0.0,0.0,27250.493456797707,30.721809638056584,414.87819036205906,27219.77164715965
2021-06-01,43,0.0,0.0,0.0,0.0,0.0,28061.173689109535,0.0,0.0,0.0,0.0,28061.173689109535,0.0,0.0,0.0,0.0,0.0,0.0,0.0,0.0,0.0,0.0,0.0,0.0,0.0,0.0,27219.77164715965,31.189537270496658,414.41046272962217,27188.582109889154
2021-07-01,44,0.0,0.0,0.0,0.0,0.0,28061.173689109535,0.0,0.0,0.0,0.0,28061.173689109535,0.0,0.0,0.0,0.0,0.0,0.0,0.0,0.0,0.0,0.0,0.0,0.0,0.0,0.0,27188.582109889154,31.664385874672007,413.9356141254482,27156.91772401448
2021-08-01,45,0.0,0.0,0.0,0.0,0.0,28061.173689109535,0.0,0.0,0.0,0.0,28061.173689109535,0.0,0.0,0.0,0.0,0.0,0.0,0.0,0.0,0.0,0.0,0.0,0.0,0.0,0.0,27156.91772401448,32.14646386461027,413.4535361355051,27124.77126014987
2021-09-01,46,0.0,0.0,0.0,0.0,0.0,28061.173689109535,0.0,0.0,0.0,0.0,28061.173689109535,0.0,0.0,0.0,0.0,0.0,0.0,0.0,0.0,0.0,0.0,0.0,0.0,0.0,0.0,27124.77126014987,32.63588130491553,412.96411869519955,27092.135378844956
2021-10-01,47,0.0,0.0,0.0,0.0,0.0,28061.173689109535,0.0,0.0,0.0,0.0,28061.173689109535,0.0,0.0,0.0,0.0,0.0,0.0,0.0,0.0,0.0,0.0,0.0,0.0,0.0,0.0,27092.135378844956,33.13274993587402,412.46725006424725,27059.002628909082
2021-11-01,48,0.0,0.0,0.0,0.0,0.0,28061.173689109535,0.0,0.0,0.0,0.0,28061.173689109535,0.0,0.0,0.0,0.0,0.0,0.0,0.0,0.0,0.0,0.0,0.0,0.0,0.0,0.0,27059.002628909082,33.637183198956336,411.9628168011613,27025.365445710126
2021-12-01,49,0.0,0.0,0.0,0.0,0.0,28061.173689109535,0.0,0.0,0.0,0.0,28061.173689109535,0.0,0.0,0.0,0.0,0.0,0.0,0.0,0.0,0.0,0.0,0.0,0.0,0.0,0.0,27025.365445710126,34.14929626276353,411.45070373735257,26991.216149447362
2022-01-01,50,0.0,0.0,0.0,0.0,0.0,28061.173689109535,0.0,0.0,0.0,0.0,28061.173689109535,0.0,0.0,0.0,0.0,0.0,0.0,0.0,0.0,0.0,0.0,0.0,0.0,0.0,0.0,26991.216149447362,34.66920604927873,410.93079395083464,26956.546943398083
2022-02-01,51,0.0,0.0,0.0,0.0,0.0,28061.173689109535,0.0,0.0,0.0,0.0,28061.173689109535,0.0,0.0,0.0,0.0,0.0,0.0,0.0,0.0,0.0,0.0,0.0,0.0,0.0,0.0,26956.546943398083,35.19703126059176,410.4029687395291,26921.34991213749
2022-03-01,52,0.0,0.0,0.0,0.0,0.0,28061.173689109535,0.0,0.0,0.0,0.0,28061.173689109535,0.0,0.0,0.0,0.0,0.0,0.0,0.0,0.0,0.0,0.0,0.0,0.0,0.0,0.0,26921.34991213749,35.73289240596205,409.86710759416445,26885.61701973153
2022-04-01,53,0.0,0.0,0.0,0.0,0.0,28061.173689109535,0.0,0.0,0.0,0.0,28061.173689109535,0.0,0.0,0.0,0.0,0.0,0.0,0.0,0.0,0.0,0.0,0.0,0.0,0.0,0.0,26885.61701973153,36.276911829350865,409.32308817076245,26849.34010790218
2022-05-01,54,0.0,0.0,0.0,0.0,0.0,28061.173689109535,0.0,0.0,0.0,0.0,28061.173689109535,0.0,0.0,0.0,0.0,0.0,0.0,0.0,0.0,0.0,0.0,0.0,0.0,0.0,0.0,26849.34010790218,36.82921373740828,408.7707862627054,26812.51089416477
2022-06-01,55,0.0,0.0,0.0,0.0,0.0,28061.173689109535,0.0,0.0,0.0,0.0,28061.173689109535,0.0,0.0,0.0,0.0,0.0,0.0,0.0,0.0,0.0,0.0,0.0,0.0,0.0,0.0,26812.51089416477,37.38992422774754,408.2100757723777,26775.120969937023
2022-07-01,56,0.0,0.0,0.0,0.0,0.0,28061.173689109535,0.0,0.0,0.0,0.0,28061.173689109535,0.0,0.0,0.0,0.0,0.0,0.0,0.0,0.0,0.0,0.0,0.0,0.0,0.0,0.0,26775.120969937023,37.959171317736036,407.64082868237637,26737.161798619287
2022-08-01,57,0.0,0.0,0.0,0.0,0.0,28061.173689109535,0.0,0.0,0.0,0.0,28061.173689109535,0.0,0.0,0.0,0.0,0.0,0.0,0.0,0.0,0.0,0.0,0.0,0.0,0.0,0.0,26737.161798619287,38.537084973824676,407.06291502628375,26698.624713645462
2022-09-01,58,0.0,0.0,0.0,0.0,0.0,28061.173689109535,0.0,0.0,0.0,0.0,28061.173689109535,0.0,0.0,0.0,0.0,0.0,0.0,0.0,0.0,0.0,0.0,0.0,0.0,0.0,0.0,26698.624713645462,39.123797141131945,406.47620285899336,26659.50091650433
2022-10-01,59,0.0,0.0,0.0,0.0,0.0,28061.173689109535,0.0,0.0,0.0,0.0,28061.173689109535,0.0,0.0,0.0,0.0,0.0,0.0,0.0,0.0,0.0,0.0,0.0,0.0,0.0,0.0,26659.50091650433,39.719441773537255,405.8805582265856,26619.781474730793
2022-11-01,60,0.0,0.0,0.0,0.0,0.0,28061.173689109535,0.0,0.0,0.0,0.0,28061.173689109535,0.0,0.0,0.0,0.0,0.0,0.0,0.0,0.0,0.0,0.0,0.0,0.0,0.0,0.0,26619.781474730793,40.32415486437094,405.2758451357448,26579.457319866422
2022-12-01,61,0.0,0.0,0.0,0.0,0.0,28061.173689109535,0.0,0.0,0.0,0.0,28061.173689109535,0.0,0.0,0.0,0.0,0.0,0.0,0.0,0.0,0.0,0.0,0.0,0.0,0.0,0.0,26579.457319866422,40.93807447740255,404.66192552270985,26538.51924538902
2023-01-01,62,0.0,0.0,0.0,0.0,0.0,28061.173689109535,0.0,0.0,0.0,0.0,28061.173689109535,0.0,0.0,0.0,0.0,0.0,0.0,0.0,0.0,0.0,0.0,0.0,0.0,0.0,0.0,26538.51924538902,41.561340778367594,404.0386592217521,26496.957904610652
2023-02-01,63,0.0,0.0,0.0,0.0,0.0,28061.173689109535,0.0,0.0,0.0,0.0,28061.173689109535,0.0,0.0,0.0,0.0,0.0,0.0,0.0,0.0,0.0,0.0,0.0,0.0,0.0,0.0,26496.957904610652,42.19409606694535,403.40590393317405,26454.763808543707
2023-03-01,64,0.0,0.0,0.0,0.0,0.0,28061.173689109535,0.0,0.0,0.0,0.0,28061.173689109535,0.0,0.0,0.0,0.0,0.0,0.0,0.0,0.0,0.0,0.0,0.0,0.0,0.0,0.0,26454.763808543707,42.83648480930424,402.76351519082084,26411.927323734402
2023-04-01,65,0.0,0.0,0.0,0.0,0.0,28061.173689109535,0.0,0.0,0.0,0.0,28061.173689109535,0.0,0.0,0.0,0.0,0.0,0.0,0.0,0.0,0.0,0.0,0.0,0.0,0.0,0.0,26411.927323734402,43.48865367101098,402.11134632909614,26368.43867006339
2023-05-01,66,0.0,0.0,0.0,0.0,0.0,28061.173689109535,0.0,0.0,0.0,0.0,28061.173689109535,0.0,0.0,0.0,0.0,0.0,0.0,0.0,0.0,0.0,0.0,0.0,0.0,0.0,0.0,26368.43867006339,44.15075155063823,401.44924844947735,26324.287918512753
2023-06-01,67,0.0,0.0,0.0,0.0,0.0,28061.173689109535,0.0,0.0,0.0,0.0,28061.173689109535,0.0,0.0,0.0,0.0,0.0,0.0,0.0,0.0,0.0,0.0,0.0,0.0,0.0,0.0,26324.287918512753,44.82292961360508,400.77707038651886,26279.464988899148
2023-07-01,68,0.0,0.0,0.0,0.0,0.0,28061.173689109535,0.0,0.0,0.0,0.0,28061.173689109535,0.0,0.0,0.0,0.0,0.0,0.0,0.0,0.0,0.0,0.0,0.0,0.0,0.0,0.0,26279.464988899148,45.50534132676694,400.0946586733401,26233.95964757238
2023-08-01,69,0.0,0.0,0.0,0.0,0.0,28061.173689109535,0.0,0.0,0.0,0.0,28061.173689109535,0.0,0.0,0.0,0.0,0.0,0.0,0.0,0.0,0.0,0.0,0.0,0.0,0.0,0.0,26233.95964757238,46.198142493543855,399.4018575065874,26187.761505078837
2023-09-01,70,0.0,0.0,0.0,0.0,0.0,28061.173689109535,0.0,0.0,0.0,0.0,28061.173689109535,0.0,0.0,0.0,0.0,0.0,0.0,0.0,0.0,0.0,0.0,0.0,0.0,0.0,0.0,26187.761505078837,46.901491289245314,398.6985087108602,26140.860013789592
2023-10-01,71,0.0,0.0,0.0,0.0,0.0,28061.173689109535,0.0,0.0,0.0,0.0,28061.173689109535,0.0,0.0,0.0,0.0,0.0,0.0,0.0,0.0,0.0,0.0,0.0,0.0,0.0,0.0,26140.860013789592,47.615548297522764,397.98445170260044,26093.24446549207
2023-11-01,72,0.0,0.0,0.0,0.0,0.0,28061.173689109535,0.0,0.0,0.0,0.0,28061.173689109535,0.0,0.0,0.0,0.0,0.0,0.0,0.0,0.0,0.0,0.0,0.0,0.0,0.0,0.0,26093.24446549207,48.34047654669121,397.2595234534261,26044.903988945378
2023-12-01,73,0.0,0.0,0.0,0.0,0.0,28061.173689109535,0.0,0.0,0.0,0.0,28061.173689109535,0.0,0.0,0.0,0.0,0.0,0.0,0.0,0.0,0.0,0.0,0.0,0.0,0.0,0.0,26044.903988945378,49.07644154720765,396.52355845291237,25995.82754739817
2024-01-01,74,0.0,0.0,0.0,0.0,0.0,28061.173689109535,0.0,0.0,0.0,0.0,28061.173689109535,0.0,0.0,0.0,0.0,0.0,0.0,0.0,0.0,0.0,0.0,0.0,0.0,0.0,0.0,25995.82754739817,49.823611329302366,395.776388670802,25946.003936068868
2024-02-01,75,0.0,0.0,0.0,0.0,0.0,28061.173689109535,0.0,0.0,0.0,0.0,28061.173689109535,0.0,0.0,0.0,0.0,0.0,0.0,0.0,0.0,0.0,0.0,0.0,0.0,0.0,0.0,25946.003936068868,50.58215648149053,395.0178435186427,25895.421779587377
2024-03-01,76,0.0,0.0,0.0,0.0,0.0,28061.173689109535,0.0,0.0,0.0,0.0,28061.173689109535,0.0,0.0,0.0,0.0,0.0,0.0,0.0,0.0,0.0,0.0,0.0,0.0,0.0,0.0,25895.421779587377,51.35225018926576,394.24774981083806,25844.06952939811
2024-04-01,77,0.0,0.0,0.0,0.0,0.0,28061.173689109535,0.0,0.0,0.0,0.0,28061.173689109535,0.0,0.0,0.0,0.0,0.0,0.0,0.0,0.0,0.0,0.0,0.0,0.0,0.0,0.0,25844.06952939811,52.134068275016034,393.4659317251099,25791.935461123096
2024-05-01,78,0.0,0.0,0.0,0.0,0.0,28061.173689109535,0.0,0.0,0.0,0.0,28061.173689109535,0.0,0.0,0.0,0.0,0.0,0.0,0.0,0.0,0.0,0.0,0.0,0.0,0.0,0.0,25791.935461123096,52.92778923775768,392.6722107623522,25739.007671885338
2024-06-01,79,0.0,0.0,0.0,0.0,0.0,28061.173689109535,0.0,0.0,0.0,0.0,28061.173689109535,0.0,0.0,0.0,0.0,0.0,0.0,0.0,0.0,0.0,0.0,0.0,0.0,0.0,0.0,25739.007671885338,53.73359429424454,391.86640570588094,25685.274077591093
2024-07-01,80,0.0,0.0,0.0,0.0,0.0,28061.173689109535,0.0,0.0,0.0,0.0,28061.173689109535,0.0,0.0,0.0,0.0,0.0,0.0,0.0,0.0,0.0,0.0,0.0,0.0,0.0,0.0,25685.274077591093,54.551667420062586,391.0483325800571,25630.72241017103
2024-08-01,81,0.0,0.0,0.0,0.0,0.0,28061.173689109535,0.0,0.0,0.0,0.0,28061.173689109535,0.0,0.0,0.0,0.0,0.0,0.0,0.0,0.0,0.0,0.0,0.0,0.0,0.0,0.0,25630.72241017103,55.38219539183774,390.2178046082848,25575.340214779193
2024-09-01,82,0.0,0.0,0.0,0.0,0.0,28061.173689109535,0.0,0.0,0.0,0.0,28061.173689109535,0.0,0.0,0.0,0.0,0.0,0.0,0.0,0.0,0.0,0.0,0.0,0.0,0.0,0.0,25575.340214779193,56.22536782975658,389.3746321703665,25519.114846949436
2024-10-01,83,0.0,0.0,0.0,0.0,0.0,28061.173689109535,0.0,0.0,0.0,0.0,28061.173689109535,0.0,0.0,0.0,0.0,0.0,0.0,0.0,0.0,0.0,0.0,0.0,0.0,0.0,0.0,25519.114846949436,57.08137724090193,388.518622759211,25462.033469708535
2024-11-01,84,0.0,0.0,0.0,0.0,0.0,28061.173689109535,0.0,0.0,0.0,0.0,28061.173689109535,0.0,0.0,0.0,0.0,0.0,0.0,0.0,0.0,0.0,0.0,0.0,0.0,0.0,0.0,25462.033469708535,57.950419063228765,387.6495809368813,25404.083050645306
2024-12-01,85,0.0,0.0,0.0,0.0,0.0,28061.173689109535,0.0,0.0,0.0,0.0,28061.173689109535,0.0,0.0,0.0,0.0,0.0,0.0,0.0,0.0,0.0,0.0,0.0,0.0,0.0,0.0,25404.083050645306,58.832691710151266,386.7673082899734,25345.250358935155
2025-01-01,86,0.0,0.0,0.0,0.0,0.0,28061.173689109535,0.0,0.0,0.0,0.0,28061.173689109535,0.0,0.0,0.0,0.0,0.0,0.0,0.0,0.0,0.0,0.0,0.0,0.0,0.0,0.0,25345.250358935155,59.728396615799284,385.8716033843161,25285.521962319355
2025-02-01,87,0.0,0.0,0.0,0.0,0.0,28061.173689109535,0.0,0.0,0.0,0.0,28061.173689109535,0.0,0.0,0.0,0.0,0.0,0.0,0.0,0.0,0.0,0.0,0.0,0.0,0.0,0.0,25285.521962319355,60.63773828113335,384.9622617189816,25224.884224038222
2025-03-01,88,0.0,0.0,0.0,0.0,0.0,28061.173689109535,0.0,0.0,0.0,0.0,28061.173689109535,0.0,0.0,0.0,0.0,0.0,0.0,0.0,0.0,0.0,0.0,0.0,0.0,0.0,0.0,25224.884224038222,61.56092432052537,384.03907567959453,25163.323299717697
2025-04-01,89,0.0,0.0,0.0,0.0,0.0,28061.173689109535,0.0,0.0,0.0,0.0,28061.173689109535,0.0,0.0,0.0,0.0,0.0,0.0,0.0,0.0,0.0,0.0,0.0,0.0,0.0,0.0,25163.323299717697,62.49816550916876,383.101834490931,25100.825134208528
2025-05-01,90,0.0,0.0,0.0,0.0,0.0,28061.173689109535,0.0,0.0,0.0,0.0,28061.173689109535,0.0,0.0,0.0,0.0,0.0,0.0,0.0,0.0,0.0,0.0,0.0,0.0,0.0,0.0,25100.825134208528,63.44967583133257,382.1503241687969,25037.375458377195
2025-06-01,91,0.0,0.0,0.0,0.0,0.0,28061.173689109535,0.0,0.0,0.0,0.0,28061.173689109535,0.0,0.0,0.0,0.0,0.0,0.0,0.0,0.0,0.0,0.0,0.0,0.0,0.0,0.0,25037.375458377195,64.41567252895038,381.18432747117026,24972.959785848245
2025-07-01,92,0.0,0.0,0.0,0.0,0.0,28061.173689109535,0.0,0.0,0.0,0.0,28061.173689109535,0.0,0.0,0.0,0.0,0.0,0.0,0.0,0.0,0.0,0.0,0.0,0.0,0.0,0.0,24972.959785848245,65.39637615150423,380.2036238486052,24907.56340969674
2025-08-01,93,0.0,0.0,0.0,0.0,0.0,28061.173689109535,0.0,0.0,0.0,0.0,28061.173689109535,0.0,0.0,0.0,0.0,0.0,0.0,0.0,0.0,0.0,0.0,0.0,0.0,0.0,0.0,24907.56340969674,66.39201060625783,379.2079893938756,24841.171399090483
2025-09-01,94,0.0,0.0,0.0,0.0,0.0,28061.173689109535,0.0,0.0,0.0,0.0,28061.173689109535,0.0,0.0,0.0,0.0,0.0,0.0,0.0,0.0,0.0,0.0,0.0,0.0,0.0,0.0,24841.171399090483,67.40280320926104,378.19719679085387,24773.76859588122
2025-10-01,95,0.0,0.0,0.0,0.0,0.0,28061.173689109535,0.0,0.0,0.0,0.0,28061.173689109535,0.0,0.0,0.0,0.0,0.0,0.0,0.0,0.0,0.0,0.0,0.0,0.0,0.0,0.0,24773.76859588122,68.42898473750392,377.171015262614,24705.339611143718
2025-11-01,96,0.0,0.0,0.0,0.0,0.0,28061.173689109535,0.0,0.0,0.0,0.0,28061.173689109535,0.0,0.0,0.0,0.0,0.0,0.0,0.0,0.0,0.0,0.0,0.0,0.0,0.0,0.0,24705.339611143718,69.47078948136186,376.1292105187396,24635.868821662356
2025-12-01,97,0.0,0.0,0.0,0.0,0.0,28061.173689109535,0.0,0.0,0.0,0.0,28061.173689109535,0.0,0.0,0.0,0.0,0.0,0.0,0.0,0.0,0.0,0.0,0.0,0.0,0.0,0.0,24635.868821662356,70.5284552982921,375.0715447018345,24565.340366364064
2026-01-01,98,0.0,0.0,0.0,0.0,0.0,28061.173689109535,0.0,0.0,0.0,0.0,28061.173689109535,0.0,0.0,0.0,0.0,0.0,0.0,0.0,0.0,0.0,0.0,0.0,0.0,0.0,0.0,24565.340366364064,71.60222366690869,373.99777633321486,24493.738142697155
2026-02-01,99,0.0,0.0,0.0,0.0,0.0,28061.173689109535,0.0,0.0,0.0,0.0,28061.173689109535,0.0,0.0,0.0,0.0,0.0,0.0,0.0,0.0,0.0,0.0,0.0,0.0,0.0,0.0,24493.738142697155,72.69233974233794,372.90766025777856,24421.045802954817
2026-03-01,100,0.0,0.0,0.0,0.0,0.0,28061.173689109535,0.0,0.0,0.0,0.0,28061.173689109535,0.0,0.0,0.0,0.0,0.0,0.0,0.0,0.0,0.0,0.0,0.0,0.0,0.0,0.0,24421.045802954817,73.79905241208326,371.800947588032,24347.246750542734
2026-04-01,101,0.0,0.0,0.0,0.0,0.0,28061.173689109535,0.0,0.0,0.0,0.0,28061.173689109535,0.0,0.0,0.0,0.0,0.0,0.0,0.0,0.0,0.0,0.0,0.0,0.0,0.0,0.0,24347.246750542734,74.92261435285036,370.6773856472656,24272.324136189884
2026-05-01,102,0.0,0.0,0.0,0.0,0.0,28061.173689109535,0.0,0.0,0.0,0.0,28061.173689109535,0.0,0.0,0.0,0.0,0.0,0.0,0.0,0.0,0.0,0.0,0.0,0.0,0.0,0.0,24272.324136189884,76.06328208826017,369.53671791186537,24196.260854101623
2026-06-01,103,0.0,0.0,0.0,0.0,0.0,28061.173689109535,0.0,0.0,0.0,0.0,28061.173689109535,0.0,0.0,0.0,0.0,0.0,0.0,0.0,0.0,0.0,0.0,0.0,0.0,0.0,0.0,24196.260854101623,77.22131604736205,368.3786839527444,24119.03953805426
2026-07-01,104,0.0,0.0,0.0,0.0,0.0,28061.173689109535,0.0,0.0,0.0,0.0,28061.173689109535,0.0,0.0,0.0,0.0,0.0,0.0,0.0,0.0,0.0,0.0,0.0,0.0,0.0,0.0,24119.03953805426,78.39698062425305,367.2030193758846,24040.64255743001
2026-08-01,105,0.0,0.0,0.0,0.0,0.0,28061.173689109535,0.0,0.0,0.0,0.0,28061.173689109535,0.0,0.0,0.0,0.0,0.0,0.0,0.0,0.0,0.0,0.0,0.0,0.0,0.0,0.0,24040.64255743001,79.59054423813359,366.00945576197046,23961.052013191875
2026-09-01,106,0.0,0.0,0.0,0.0,0.0,28061.173689109535,0.0,0.0,0.0,0.0,28061.173689109535,0.0,0.0,0.0,0.0,0.0,0.0,0.0,0.0,0.0,0.0,0.0,0.0,0.0,0.0,23961.052013191875,80.80227939500764,364.7977206051081,23880.249733796867
2026-10-01,107,0.0,0.0,0.0,0.0,0.0,28061.173689109535,0.0,0.0,0.0,0.0,28061.173689109535,0.0,0.0,0.0,0.0,0.0,0.0,0.0,0.0,0.0,0.0,0.0,0.0,0.0,0.0,23880.249733796867,82.03246274952835,363.5675372506057,23798.21727104734
2026-11-01,108,0.0,0.0,0.0,0.0,0.0,28061.173689109535,0.0,0.0,0.0,0.0,28061.173689109535,0.0,0.0,0.0,0.0,0.0,0.0,0.0,0.0,0.0,0.0,0.0,0.0,0.0,0.0,23798.21727104734,83.28137516829884,362.3186248318114,23714.93589587904
2026-12-01,109,0.0,0.0,0.0,0.0,0.0,28061.173689109535,0.0,0.0,0.0,0.0,28061.173689109535,0.0,0.0,0.0,0.0,0.0,0.0,0.0,0.0,0.0,0.0,0.0,0.0,0.0,0.0,23714.93589587904,84.54930179411895,361.05069820598845,23630.38659408492
2027-01-01,110,0.0,0.0,0.0,0.0,0.0,28061.173689109535,0.0,0.0,0.0,0.0,28061.173689109535,0.0,0.0,0.0,0.0,0.0,0.0,0.0,0.0,0.0,0.0,0.0,0.0,0.0,0.0,23630.38659408492,85.83653211088676,359.7634678892116,23544.550061974034
2027-02-01,111,0.0,0.0,0.0,0.0,0.0,28061.173689109535,0.0,0.0,0.0,0.0,28061.173689109535,0.0,0.0,0.0,0.0,0.0,0.0,0.0,0.0,0.0,0.0,0.0,0.0,0.0,0.0,23544.550061974034,87.14336000983894,358.45663999027545,23457.406701964195
2027-03-01,112,0.0,0.0,0.0,0.0,0.0,28061.173689109535,0.0,0.0,0.0,0.0,28061.173689109535,0.0,0.0,0.0,0.0,0.0,0.0,0.0,0.0,0.0,0.0,0.0,0.0,0.0,0.0,23457.406701964195,88.47008385653317,357.1299161435947,23368.936618107662
2027-04-01,113,0.0,0.0,0.0,0.0,0.0,28061.173689109535,0.0,0.0,0.0,0.0,28061.173689109535,0.0,0.0,0.0,0.0,0.0,0.0,0.0,0.0,0.0,0.0,0.0,0.0,0.0,0.0,23368.936618107662,89.81700655905297,355.7829934410841,23279.11961154861
2027-05-01,114,0.0,0.0,0.0,0.0,0.0,28061.173689109535,0.0,0.0,0.0,0.0,28061.173689109535,0.0,0.0,0.0,0.0,0.0,0.0,0.0,0.0,0.0,0.0,0.0,0.0,0.0,0.0,23279.11961154861,91.1844356371439,354.4155643630003,23187.935175911465
2027-06-01,115,0.0,0.0,0.0,0.0,0.0,28061.173689109535,0.0,0.0,0.0,0.0,28061.173689109535,0.0,0.0,0.0,0.0,0.0,0.0,0.0,0.0,0.0,0.0,0.0,0.0,0.0,0.0,23187.935175911465,92.57268329235376,353.02731670773125,23095.36249261911
2027-07-01,116,0.0,0.0,0.0,0.0,0.0,28061.173689109535,0.0,0.0,0.0,0.0,28061.173689109535,0.0,0.0,0.0,0.0,0.0,0.0,0.0,0.0,0.0,0.0,0.0,0.0,0.0,0.0,23095.36249261911,93.98206647959887,351.6179335205174,23001.380426139513
2027-08-01,117,0.0,0.0,0.0,0.0,0.0,28061.173689109535,0.0,0.0,0.0,0.0,28061.173689109535,0.0,0.0,0.0,0.0,0.0,0.0,0.0,0.0,0.0,0.0,0.0,0.0,0.0,0.0,23001.380426139513,95.41290697903605,350.18709302108357,22905.967519160477
2027-09-01,118,0.0,0.0,0.0,0.0,0.0,28061.173689109535,0.0,0.0,0.0,0.0,28061.173689109535,0.0,0.0,0.0,0.0,0.0,0.0,0.0,0.0,0.0,0.0,0.0,0.0,0.0,0.0,22905.967519160477,96.8655314699572,348.73446853017657,22809.10198769052
2027-10-01,119,0.0,0.0,0.0,0.0,0.0,28061.173689109535,0.0,0.0,0.0,0.0,28061.173689109535,0.0,0.0,0.0,0.0,0.0,0.0,0.0,0.0,0.0,0.0,0.0,0.0,0.0,0.0,22809.10198769052,98.3402716050914,347.2597283949776,22710.761716085428
2027-11-01,120,0.0,0.0,0.0,0.0,0.0,28061.173689109535,0.0,0.0,0.0,0.0,28061.173689109535,0.0,0.0,0.0,0.0,0.0,0.0,0.0,0.0,0.0,0.0,0.0,0.0,0.0,0.0,22710.761716085428,99.83746408676961,345.762535913384,22610.92425199866
2027-12-01,121,0.0,0.0,0.0,0.0,0.0,28061.173689109535,0.0,0.0,0.0,0.0,28061.173689109535,0.0,0.0,0.0,0.0,0.0,0.0,0.0,0.0,0.0,0.0,0.0,0.0,0.0,0.0,22610.92425199866,101.35745074300212,344.2425492571305,22509.566801255656
2028-01-01,122,0.0,0.0,0.0,0.0,0.0,28061.173689109535,0.0,0.0,0.0,0.0,28061.173689109535,0.0,0.0,0.0,0.0,0.0,0.0,0.0,0.0,0.0,0.0,0.0,0.0,0.0,0.0,22509.566801255656,102.90057860634988,342.6994213937531,22406.666222649306
2028-02-01,123,0.0,0.0,0.0,0.0,0.0,28061.173689109535,0.0,0.0,0.0,0.0,28061.173689109535,0.0,0.0,0.0,0.0,0.0,0.0,0.0,0.0,0.0,0.0,0.0,0.0,0.0,0.0,22406.666222649306,104.46719999276684,341.1328000073517,22302.19902265654
2028-03-01,124,0.0,0.0,0.0,0.0,0.0,28061.173689109535,0.0,0.0,0.0,0.0,28061.173689109535,0.0,0.0,0.0,0.0,0.0,0.0,0.0,0.0,0.0,0.0,0.0,0.0,0.0,0.0,22302.19902265654,106.05767258195556,339.5423274181524,22196.141350074584
2028-04-01,125,0.0,0.0,0.0,0.0,0.0,28061.173689109535,0.0,0.0,0.0,0.0,28061.173689109535,0.0,0.0,0.0,0.0,0.0,0.0,0.0,0.0,0.0,0.0,0.0,0.0,0.0,0.0,22196.141350074584,107.67235949929454,337.9276405008468,22088.46899057529
2028-05-01,126,0.0,0.0,0.0,0.0,0.0,28061.173689109535,0.0,0.0,0.0,0.0,28061.173689109535,0.0,0.0,0.0,0.0,0.0,0.0,0.0,0.0,0.0,0.0,0.0,0.0,0.0,0.0,22088.46899057529,109.31162939843489,336.2883706016833,21979.157361176854
2028-06-01,127,0.0,0.0,0.0,0.0,0.0,28061.173689109535,0.0,0.0,0.0,0.0,28061.173689109535,0.0,0.0,0.0,0.0,0.0,0.0,0.0,0.0,0.0,0.0,0.0,0.0,0.0,0.0,21979.157361176854,110.9758565457887,334.6241434543016,21868.181504631066
2028-07-01,128,0.0,0.0,0.0,0.0,0.0,28061.173689109535,0.0,0.0,0.0,0.0,28061.173689109535,0.0,0.0,0.0,0.0,0.0,0.0,0.0,0.0,0.0,0.0,0.0,0.0,0.0,0.0,21868.181504631066,112.66542090583243,332.93457909428037,21755.516083725233
2028-08-01,129,0.0,0.0,0.0,0.0,0.0,28061.173689109535,0.0,0.0,0.0,0.0,28061.173689109535,0.0,0.0,0.0,0.0,0.0,0.0,0.0,0.0,0.0,0.0,0.0,0.0,0.0,0.0,21755.516083725233,114.38070822774898,331.2192917723867,21641.135375497484
2028-09-01,130,0.0,0.0,0.0,0.0,0.0,28061.173689109535,0.0,0.0,0.0,0.0,28061.173689109535,0.0,0.0,0.0,0.0,0.0,0.0,0.0,0.0,0.0,0.0,0.0,0.0,0.0,0.0,21641.135375497484,116.1221101336414,329.47788986650596,21525.013265363843
2028-10-01,131,0.0,0.0,0.0,0.0,0.0,28061.173689109535,0.0,0.0,0.0,0.0,28061.173689109535,0.0,0.0,0.0,0.0,0.0,0.0,0.0,0.0,0.0,0.0,0.0,0.0,0.0,0.0,21525.013265363843,117.89002420785255,327.7099757922288,21407.12324115599
2028-11-01,132,0.0,0.0,0.0,0.0,0.0,28061.173689109535,0.0,0.0,0.0,0.0,28061.173689109535,0.0,0.0,0.0,0.0,0.0,0.0,0.0,0.0,0.0,0.0,0.0,0.0,0.0,0.0,21407.12324115599,119.68485408803099,325.9151459120788,21287.43838706796
2028-12-01,133,0.0,0.0,0.0,0.0,0.0,28061.173689109535,0.0,0.0,0.0,0.0,28061.173689109535,0.0,0.0,0.0,0.0,0.0,0.0,0.0,0.0,0.0,0.0,0.0,0.0,0.0,0.0,21287.43838706796,121.50700955674984,324.0929904433527,21165.93137751121
2029-01-01,134,0.0,0.0,0.0,0.0,0.0,28061.173689109535,0.0,0.0,0.0,0.0,28061.173689109535,0.0,0.0,0.0,0.0,0.0,0.0,0.0,0.0,0.0,0.0,0.0,0.0,0.0,0.0,21165.93137751121,123.35690663559944,322.2430933645666,21042.57447087561
2029-02-01,135,0.0,0.0,0.0,0.0,0.0,28061.173689109535,0.0,0.0,0.0,0.0,28061.173689109535,0.0,0.0,0.0,0.0,0.0,0.0,0.0,0.0,0.0,0.0,0.0,0.0,0.0,0.0,21042.57447087561,125.23496767962934,320.3650323204693,20917.33950319598
2029-03-01,136,0.0,0.0,0.0,0.0,0.0,28061.173689109535,0.0,0.0,0.0,0.0,28061.173689109535,0.0,0.0,0.0,0.0,0.0,0.0,0.0,0.0,0.0,0.0,0.0,0.0,0.0,0.0,20917.33950319598,127.14162147449679,318.458378525618,20790.197881721484
2029-04-01,137,0.0,0.0,0.0,0.0,0.0,28061.173689109535,0.0,0.0,0.0,0.0,28061.173689109535,0.0,0.0,0.0,0.0,0.0,0.0,0.0,0.0,0.0,0.0,0.0,0.0,0.0,0.0,20790.197881721484,129.07730333364452,316.5226966664743,20661.12057838784
2029-05-01,138,0.0,0.0,0.0,0.0,0.0,28061.173689109535,0.0,0.0,0.0,0.0,28061.173689109535,0.0,0.0,0.0,0.0,0.0,0.0,0.0,0.0,0.0,0.0,0.0,0.0,0.0,0.0,20661.12057838784,131.04245519809774,314.55754480202177,20530.07812318974
2029-06-01,139,0.0,0.0,0.0,0.0,0.0,28061.173689109535,0.0,0.0,0.0,0.0,28061.173689109535,0.0,0.0,0.0,0.0,0.0,0.0,0.0,0.0,0.0,0.0,0.0,0.0,0.0,0.0,20530.07812318974,133.0375257372507,312.5624742628633,20397.04059745249
2029-07-01,140,0.0,0.0,0.0,0.0,0.0,28061.173689109535,0.0,0.0,0.0,0.0,28061.173689109535,0.0,0.0,0.0,0.0,0.0,0.0,0.0,0.0,0.0,0.0,0.0,0.0,0.0,0.0,20397.04059745249,135.06297045131214,310.53702954878423,20261.97762700118
2029-08-01,141,0.0,0.0,0.0,0.0,0.0,28061.173689109535,0.0,0.0,0.0,0.0,28061.173689109535,0.0,0.0,0.0,0.0,0.0,0.0,0.0,0.0,0.0,0.0,0.0,0.0,0.0,0.0,20261.97762700118,137.1192517753807,308.4807482247561,20124.8583752258
2029-09-01,142,0.0,0.0,0.0,0.0,0.0,28061.173689109535,0.0,0.0,0.0,0.0,28061.173689109535,0.0,0.0,0.0,0.0,0.0,0.0,0.0,0.0,0.0,0.0,0.0,0.0,0.0,0.0,20124.8583752258,139.20683918474242,306.3931608153553,19985.651536041056
2029-10-01,143,0.0,0.0,0.0,0.0,0.0,28061.173689109535,0.0,0.0,0.0,0.0,28061.173689109535,0.0,0.0,0.0,0.0,0.0,0.0,0.0,0.0,0.0,0.0,0.0,0.0,0.0,0.0,19985.651536041056,141.32620930255507,304.2737906975793,19844.3253267385
2029-11-01,144,0.0,0.0,0.0,0.0,0.0,28061.173689109535,0.0,0.0,0.0,0.0,28061.173689109535,0.0,0.0,0.0,0.0,0.0,0.0,0.0,0.0,0.0,0.0,0.0,0.0,0.0,0.0,19844.3253267385,143.47784600811428,302.1221539920228,19700.847480730386
2029-12-01,145,0.0,0.0,0.0,0.0,0.0,28061.173689109535,0.0,0.0,0.0,0.0,28061.173689109535,0.0,0.0,0.0,0.0,0.0,0.0,0.0,0.0,0.0,0.0,0.0,0.0,0.0,0.0,19700.847480730386,145.6622405477101,299.93775945240594,19555.185240182676
2030-01-01,146,0.0,0.0,0.0,0.0,0.0,28061.173689109535,0.0,0.0,0.0,0.0,28061.173689109535,0.0,0.0,0.0,0.0,0.0,0.0,0.0,0.0,0.0,0.0,0.0,0.0,0.0,0.0,19555.185240182676,147.8798916466767,297.72010835341484,19407.305348536
2030-02-01,147,0.0,0.0,0.0,0.0,0.0,28061.173689109535,0.0,0.0,0.0,0.0,28061.173689109535,0.0,0.0,0.0,0.0,0.0,0.0,0.0,0.0,0.0,0.0,0.0,0.0,0.0,0.0,19407.305348536,150.1313056232757,295.4686943768358,19257.174042912724
2030-03-01,148,0.0,0.0,0.0,0.0,0.0,28061.173689109535,0.0,0.0,0.0,0.0,28061.173689109535,0.0,0.0,0.0,0.0,0.0,0.0,0.0,0.0,0.0,0.0,0.0,0.0,0.0,0.0,19257.174042912724,152.41699650420924,293.183003495956,19104.757046408515
2030-04-01,149,0.0,0.0,0.0,0.0,0.0,28061.173689109535,0.0,0.0,0.0,0.0,28061.173689109535,0.0,0.0,0.0,0.0,0.0,0.0,0.0,0.0,0.0,0.0,0.0,0.0,0.0,0.0,19104.757046408515,154.73748614185024,290.8625138582055,18950.019560266664
2030-05-01,150,0.0,0.0,0.0,0.0,0.0,28061.173689109535,0.0,0.0,0.0,0.0,28061.173689109535,0.0,0.0,0.0,0.0,0.0,0.0,0.0,0.0,0.0,0.0,0.0,0.0,0.0,0.0,18950.019560266664,157.09330433415016,288.50669566601454,18792.926255932514
2030-06-01,151,0.0,0.0,0.0,0.0,0.0,28061.173689109535,0.0,0.0,0.0,0.0,28061.173689109535,0.0,0.0,0.0,0.0,0.0,0.0,0.0,0.0,0.0,0.0,0.0,0.0,0.0,0.0,18792.926255932514,159.48498894422664,286.115011055845,18633.441266988288
2030-07-01,152,0.0,0.0,0.0,0.0,0.0,28061.173689109535,0.0,0.0,0.0,0.0,28061.173689109535,0.0,0.0,0.0,0.0,0.0,0.0,0.0,0.0,0.0,0.0,0.0,0.0,0.0,0.0,18633.441266988288,161.91308602475328,283.6869139754015,18471.528180963534
2030-08-01,153,0.0,0.0,0.0,0.0,0.0,28061.173689109535,0.0,0.0,0.0,0.0,28061.173689109535,0.0,0.0,0.0,0.0,0.0,0.0,0.0,0.0,0.0,0.0,0.0,0.0,0.0,0.0,18471.528180963534,164.37814994115615,281.2218500589487,18307.15003102238
2030-09-01,154,0.0,0.0,0.0,0.0,0.0,28061.173689109535,0.0,0.0,0.0,0.0,28061.173689109535,0.0,0.0,0.0,0.0,0.0,0.0,0.0,0.0,0.0,0.0,0.0,0.0,0.0,0.0,18307.15003102238,166.8807434993796,278.7192565007525,18140.269287523
2030-10-01,155,0.0,0.0,0.0,0.0,0.0,28061.173689109535,0.0,0.0,0.0,0.0,28061.173689109535,0.0,0.0,0.0,0.0,0.0,0.0,0.0,0.0,0.0,0.0,0.0,0.0,0.0,0.0,18140.269287523,169.42143807350658,276.1785619265768,17970.847849449492
2030-11-01,156,0.0,0.0,0.0,0.0,0.0,28061.173689109535,0.0,0.0,0.0,0.0,28061.173689109535,0.0,0.0,0.0,0.0,0.0,0.0,0.0,0.0,0.0,0.0,0.0,0.0,0.0,0.0,17970.847849449492,172.00081373692956,273.5991862632366,17798.847035712563
2030-12-01,157,0.0,0.0,0.0,0.0,0.0,28061.173689109535,0.0,0.0,0.0,0.0,28061.173689109535,0.0,0.0,0.0,0.0,0.0,0.0,0.0,0.0,0.0,0.0,0.0,0.0,0.0,0.0,17798.847035712563,174.6194593939581,270.9805406061548,17624.227576318604
2031-01-01,158,0.0,0.0,0.0,0.0,0.0,28061.173689109535,0.0,0.0,0.0,0.0,28061.173689109535,0.0,0.0,0.0,0.0,0.0,0.0,0.0,0.0,0.0,0.0,0.0,0.0,0.0,0.0,17624.227576318604,177.27797291520983,268.32202708491457,17446.949603403395
2031-02-01,159,0.0,0.0,0.0,0.0,0.0,28061.173689109535,0.0,0.0,0.0,0.0,28061.173689109535,0.0,0.0,0.0,0.0,0.0,0.0,0.0,0.0,0.0,0.0,0.0,0.0,0.0,0.0,17446.949603403395,179.97696127340896,265.62303872675074,17266.972642129986
2031-03-01,160,0.0,0.0,0.0,0.0,0.0,28061.173689109535,0.0,0.0,0.0,0.0,28061.173689109535,0.0,0.0,0.0,0.0,0.0,0.0,0.0,0.0,0.0,0.0,0.0,0.0,0.0,0.0,17266.972642129986,182.7170406820369,262.88295931797404,17084.25560144795
2031-04-01,161,0.0,0.0,0.0,0.0,0.0,28061.173689109535,0.0,0.0,0.0,0.0,28061.173689109535,0.0,0.0,0.0,0.0,0.0,0.0,0.0,0.0,0.0,0.0,0.0,0.0,0.0,0.0,17084.25560144795,185.49883673689328,260.1011632632841,16898.756764711055
2031-05-01,162,0.0,0.0,0.0,0.0,0.0,28061.173689109535,0.0,0.0,0.0,0.0,28061.173689109535,0.0,0.0,0.0,0.0,0.0,0.0,0.0,0.0,0.0,0.0,0.0,0.0,0.0,0.0,16898.756764711055,188.32298455719138,257.27701544292705,16710.433780153864
2031-06-01,163,0.0,0.0,0.0,0.0,0.0,28061.173689109535,0.0,0.0,0.0,0.0,28061.173689109535,0.0,0.0,0.0,0.0,0.0,0.0,0.0,0.0,0.0,0.0,0.0,0.0,0.0,0.0,16710.433780153864,191.19012893241597,254.4098710677055,16519.243651221448
2031-07-01,164,0.0,0.0,0.0,0.0,0.0,28061.173689109535,0.0,0.0,0.0,0.0,28061.173689109535,0.0,0.0,0.0,0.0,0.0,0.0,0.0,0.0,0.0,0.0,0.0,0.0,0.0,0.0,16519.243651221448,194.10092446830822,251.49907553175228,16325.14272675314
2031-08-01,165,0.0,0.0,0.0,0.0,0.0,28061.173689109535,0.0,0.0,0.0,0.0,28061.173689109535,0.0,0.0,0.0,0.0,0.0,0.0,0.0,0.0,0.0,0.0,0.0,0.0,0.0,0.0,16325.14272675314,197.0560357370996,248.5439642630818,16128.08669101604
2031-09-01,166,0.0,0.0,0.0,0.0,0.0,28061.173689109535,0.0,0.0,0.0,0.0,28061.173689109535,0.0,0.0,0.0,0.0,0.0,0.0,0.0,0.0,0.0,0.0,0.0,0.0,0.0,0.0,16128.08669101604,200.0561374282115,245.54386257185405,15928.030553587829
2031-10-01,167,0.0,0.0,0.0,0.0,0.0,28061.173689109535,0.0,0.0,0.0,0.0,28061.173689109535,0.0,0.0,0.0,0.0,0.0,0.0,0.0,0.0,0.0,0.0,0.0,0.0,0.0,0.0,15928.030553587829,203.10191450378625,242.4980854963444,15724.928639084043
2031-11-01,168,0.0,0.0,0.0,0.0,0.0,28061.173689109535,0.0,0.0,0.0,0.0,28061.173689109535,0.0,0.0,0.0,0.0,0.0,0.0,0.0,0.0,0.0,0.0,0.0,0.0,0.0,0.0,15724.928639084043,206.19406235357746,239.40593764654534,15518.734576730465
2031-12-01,169,0.0,0.0,0.0,0.0,0.0,28061.173689109535,0.0,0.0,0.0,0.0,28061.173689109535,0.0,0.0,0.0,0.0,0.0,0.0,0.0,0.0,0.0,0.0,0.0,0.0,0.0,0.0,15518.734576730465,209.33328695473028,236.2667130454101,15309.401289775735
2032-01-01,170,0.0,0.0,0.0,0.0,0.0,28061.173689109535,0.0,0.0,0.0,0.0,28061.173689109535,0.0,0.0,0.0,0.0,0.0,0.0,0.0,0.0,0.0,0.0,0.0,0.0,0.0,0.0,15309.401289775735,212.52030503249262,233.07969496766387,15096.880984743242
2032-02-01,171,0.0,0.0,0.0,0.0,0.0,28061.173689109535,0.0,0.0,0.0,0.0,28061.173689109535,0.0,0.0,0.0,0.0,0.0,0.0,0.0,0.0,0.0,0.0,0.0,0.0,0.0,0.0,15096.880984743242,215.7558442238951,229.84415577616792,14881.125140519347
2032-03-01,172,0.0,0.0,0.0,0.0,0.0,28061.173689109535,0.0,0.0,0.0,0.0,28061.173689109535,0.0,0.0,0.0,0.0,0.0,0.0,0.0,0.0,0.0,0.0,0.0,0.0,0.0,0.0,14881.125140519347,219.04064324434148,226.55935675579204,14662.084497275006
2032-04-01,173,0.0,0.0,0.0,0.0,0.0,28061.173689109535,0.0,0.0,0.0,0.0,28061.173689109535,0.0,0.0,0.0,0.0,0.0,0.0,0.0,0.0,0.0,0.0,0.0,0.0,0.0,0.0,14662.084497275006,222.37545205536298,223.2245479447507,14439.709045219643
2032-05-01,174,0.0,0.0,0.0,0.0,0.0,28061.173689109535,0.0,0.0,0.0,0.0,28061.173689109535,0.0,0.0,0.0,0.0,0.0,0.0,0.0,0.0,0.0,0.0,0.0,0.0,0.0,0.0,14439.709045219643,225.76103203668026,219.8389679633849,14213.948013182962
2032-06-01,175,0.0,0.0,0.0,0.0,0.0,28061.173689109535,0.0,0.0,0.0,0.0,28061.173689109535,0.0,0.0,0.0,0.0,0.0,0.0,0.0,0.0,0.0,0.0,0.0,0.0,0.0,0.0,14213.948013182962,229.1981561598368,216.4018438403249,13984.749857023126
2032-07-01,176,0.0,0.0,0.0,0.0,0.0,28061.173689109535,0.0,0.0,0.0,0.0,28061.173689109535,0.0,0.0,0.0,0.0,0.0,0.0,0.0,0.0,0.0,0.0,0.0,0.0,0.0,0.0,13984.749857023126,232.68760916410247,212.91239083600897,13752.062247859023
2032-08-01,177,0.0,0.0,0.0,0.0,0.0,28061.173689109535,0.0,0.0,0.0,0.0,28061.173689109535,0.0,0.0,0.0,0.0,0.0,0.0,0.0,0.0,0.0,0.0,0.0,0.0,0.0,0.0,13752.062247859023,236.23018773662625,209.3698122635246,13515.832060122397
2032-09-01,178,0.0,0.0,0.0,0.0,0.0,28061.173689109535,0.0,0.0,0.0,0.0,28061.173689109535,0.0,0.0,0.0,0.0,0.0,0.0,0.0,0.0,0.0,0.0,0.0,0.0,0.0,0.0,13515.832060122397,239.82670069340384,205.77329930670646,13276.005359428993
2032-10-01,179,0.0,0.0,0.0,0.0,0.0,28061.173689109535,0.0,0.0,0.0,0.0,28061.173689109535,0.0,0.0,0.0,0.0,0.0,0.0,0.0,0.0,0.0,0.0,0.0,0.0,0.0,0.0,13276.005359428993,243.47796916461084,202.12203083547948,13032.527390264382
2032-11-01,180,0.0,0.0,0.0,0.0,0.0,28061.173689109535,0.0,0.0,0.0,0.0,28061.173689109535,0.0,0.0,0.0,0.0,0.0,0.0,0.0,0.0,0.0,0.0,0.0,0.0,0.0,0.0,13032.527390264382,247.1848267817404,198.41517321838026,12785.342563482642
2032-12-01,181,0.0,0.0,0.0,0.0,0.0,28061.173689109535,0.0,0.0,0.0,0.0,28061.173689109535,0.0,0.0,0.0,0.0,0.0,0.0,0.0,0.0,0.0,0.0,0.0,0.0,0.0,0.0,12785.342563482642,250.9481198678841,194.65188013222937,12534.394443614758
2033-01-01,182,0.0,0.0,0.0,0.0,0.0,28061.173689109535,0.0,0.0,0.0,0.0,28061.173689109535,0.0,0.0,0.0,0.0,0.0,0.0,0.0,0.0,0.0,0.0,0.0,0.0,0.0,0.0,12534.394443614758,254.76870763121406,190.8312923689066,12279.625735983544
2033-02-01,183,0.0,0.0,0.0,0.0,0.0,28061.173689109535,0.0,0.0,0.0,0.0,28061.173689109535,0.0,0.0,0.0,0.0,0.0,0.0,0.0,0.0,0.0,0.0,0.0,0.0,0.0,0.0,12279.625735983544,258.64746236096835,186.9525376391807,12020.978273622575
2033-03-01,184,0.0,0.0,0.0,0.0,0.0,28061.173689109535,0.0,0.0,0.0,0.0,28061.173689109535,0.0,0.0,0.0,0.0,0.0,0.0,0.0,0.0,0.0,0.0,0.0,0.0,0.0,0.0,12020.978273622575,262.58526962646283,183.0147303735552,11758.393003996112
2033-04-01,185,0.0,0.0,0.0,0.0,0.0,28061.173689109535,0.0,0.0,0.0,0.0,28061.173689109535,0.0,0.0,0.0,0.0,0.0,0.0,0.0,0.0,0.0,0.0,0.0,0.0,0.0,0.0,11758.393003996112,266.58302848011954,179.01697152008444,11491.809975515993
2033-05-01,186,0.0,0.0,0.0,0.0,0.0,28061.173689109535,0.0,0.0,0.0,0.0,28061.173689109535,0.0,0.0,0.0,0.0,0.0,0.0,0.0,0.0,0.0,0.0,0.0,0.0,0.0,0.0,11491.809975515993,270.64165166096063,174.95834833909834,11221.168323855032
2033-06-01,187,0.0,0.0,0.0,0.0,0.0,28061.173689109535,0.0,0.0,0.0,0.0,28061.173689109535,0.0,0.0,0.0,0.0,0.0,0.0,0.0,0.0,0.0,0.0,0.0,0.0,0.0,0.0,11221.168323855032,274.76206580532016,170.8379341948294,10946.406258049712
2033-07-01,188,0.0,0.0,0.0,0.0,0.0,28061.173689109535,0.0,0.0,0.0,0.0,28061.173689109535,0.0,0.0,0.0,0.0,0.0,0.0,0.0,0.0,0.0,0.0,0.0,0.0,0.0,0.0,10946.406258049712,278.945211656217,166.65478834383134,10667.461046393495
2033-08-01,189,0.0,0.0,0.0,0.0,0.0,28061.173689109535,0.0,0.0,0.0,0.0,28061.173689109535,0.0,0.0,0.0,0.0,0.0,0.0,0.0,0.0,0.0,0.0,0.0,0.0,0.0,0.0,10667.461046393495,283.19204428000376,162.4079557202106,10384.269002113491
2033-09-01,190,0.0,0.0,0.0,0.0,0.0,28061.173689109535,0.0,0.0,0.0,0.0,28061.173689109535,0.0,0.0,0.0,0.0,0.0,0.0,0.0,0.0,0.0,0.0,0.0,0.0,0.0,0.0,10384.269002113491,287.50353328255005,158.0964667175587,10096.765468830941
2033-10-01,191,0.0,0.0,0.0,0.0,0.0,28061.173689109535,0.0,0.0,0.0,0.0,28061.173689109535,0.0,0.0,0.0,0.0,0.0,0.0,0.0,0.0,0.0,0.0,0.0,0.0,0.0,0.0,10096.765468830941,291.8806630325271,153.71933696759422,9804.884805798414
2033-11-01,192,0.0,0.0,0.0,0.0,0.0,28061.173689109535,0.0,0.0,0.0,0.0,28061.173689109535,0.0,0.0,0.0,0.0,0.0,0.0,0.0,0.0,0.0,0.0,0.0,0.0,0.0,0.0,9804.884805798414,296.3244328847504,149.2755671154044,9508.560372913664
2033-12-01,193,0.0,0.0,0.0,0.0,0.0,28061.173689109535,0.0,0.0,0.0,0.0,28061.173689109535,0.0,0.0,0.0,0.0,0.0,0.0,0.0,0.0,0.0,0.0,0.0,0.0,0.0,0.0,9508.560372913664,300.8358574087615,144.76414259128737,9207.724515504902
2034-01-01,194,0.0,0.0,0.0,0.0,0.0,28061.173689109535,0.0,0.0,0.0,0.0,28061.173689109535,0.0,0.0,0.0,0.0,0.0,0.0,0.0,0.0,0.0,0.0,0.0,0.0,0.0,0.0,9207.724515504902,305.415966621018,140.1840333791134,8902.308548883884
2034-02-01,195,0.0,0.0,0.0,0.0,0.0,28061.173689109535,0.0,0.0,0.0,0.0,28061.173689109535,0.0,0.0,0.0,0.0,0.0,0.0,0.0,0.0,0.0,0.0,0.0,0.0,0.0,0.0,8902.308548883884,310.065806219005,135.53419378115197,8592.24274266488
2034-03-01,196,0.0,0.0,0.0,0.0,0.0,28061.173689109535,0.0,0.0,0.0,0.0,28061.173689109535,0.0,0.0,0.0,0.0,0.0,0.0,0.0,0.0,0.0,0.0,0.0,0.0,0.0,0.0,8592.24274266488,314.7864378207596,130.81356217933396,8277.45630484412
2034-04-01,197,0.0,0.0,0.0,0.0,0.0,28061.173689109535,0.0,0.0,0.0,0.0,28061.173689109535,0.0,0.0,0.0,0.0,0.0,0.0,0.0,0.0,0.0,0.0,0.0,0.0,0.0,0.0,8277.45630484412,319.57893920724746,126.0210607928676,7957.877365636872
2034-05-01,198,0.0,0.0,0.0,0.0,0.0,28061.173689109535,0.0,0.0,0.0,0.0,28061.173689109535,0.0,0.0,0.0,0.0,0.0,0.0,0.0,0.0,0.0,0.0,0.0,0.0,0.0,0.0,7957.877365636872,324.4444045679411,121.155595432164,7633.432961068931
2034-06-01,199,0.0,0.0,0.0,0.0,0.0,28061.173689109535,0.0,0.0,0.0,0.0,28061.173689109535,0.0,0.0,0.0,0.0,0.0,0.0,0.0,0.0,0.0,0.0,0.0,0.0,0.0,0.0,7633.432961068931,329.3839447511127,116.21605524902411,7304.049016317818
2034-07-01,200,0.0,0.0,0.0,0.0,0.0,28061.173689109535,0.0,0.0,0.0,0.0,28061.173689109535,0.0,0.0,0.0,0.0,0.0,0.0,0.0,0.0,0.0,0.0,0.0,0.0,0.0,0.0,7304.049016317818,334.3986875170376,111.20131248301487,6969.650328800781
2034-08-01,201,0.0,0.0,0.0,0.0,0.0,28061.173689109535,0.0,0.0,0.0,0.0,28061.173689109535,0.0,0.0,0.0,0.0,0.0,0.0,0.0,0.0,0.0,0.0,0.0,0.0,0.0,0.0,6969.650328800781,339.48977779608686,106.11022220399065,6630.160551004694
2034-09-01,202,0.0,0.0,0.0,0.0,0.0,28061.173689109535,0.0,0.0,0.0,0.0,28061.173689109535,0.0,0.0,0.0,0.0,0.0,0.0,0.0,0.0,0.0,0.0,0.0,0.0,0.0,0.0,6630.160551004694,344.65837794949766,100.94162205068504,6285.502173055196
2034-10-01,203,0.0,0.0,0.0,0.0,0.0,28061.173689109535,0.0,0.0,0.0,0.0,28061.173689109535,0.0,0.0,0.0,0.0,0.0,0.0,0.0,0.0,0.0,0.0,0.0,0.0,0.0,0.0,6285.502173055196,349.9056680346839,95.69433196533282,5935.596505020512
2034-11-01,204,0.0,0.0,0.0,0.0,0.0,28061.173689109535,0.0,0.0,0.0,0.0,28061.173689109535,0.0,0.0,0.0,0.0,0.0,0.0,0.0,0.0,0.0,0.0,0.0,0.0,0.0,0.0,5935.596505020512,355.2328460760182,90.36715392425245,5580.363658944494
2034-12-01,205,0.0,0.0,0.0,0.0,0.0,28061.173689109535,0.0,0.0,0.0,0.0,28061.173689109535,0.0,0.0,0.0,0.0,0.0,0.0,0.0,0.0,0.0,0.0,0.0,0.0,0.0,0.0,5580.363658944494,360.6411283358466,84.95887166430613,5219.7225306086475
2035-01-01,206,0.0,0.0,0.0,0.0,0.0,28061.173689109535,0.0,0.0,0.0,0.0,28061.173689109535,0.0,0.0,0.0,0.0,0.0,0.0,0.0,0.0,0.0,0.0,0.0,0.0,0.0,0.0,5219.7225306086475,366.13174959493335,79.46825040523372,4853.590781013714
2035-02-01,207,0.0,0.0,0.0,0.0,0.0,28061.173689109535,0.0,0.0,0.0,0.0,28061.173689109535,0.0,0.0,0.0,0.0,0.0,0.0,0.0,0.0,0.0,0.0,0.0,0.0,0.0,0.0,4853.590781013714,371.7059634323232,73.894036567717,4481.884817581391
2035-03-01,208,0.0,0.0,0.0,0.0,0.0,28061.173689109535,0.0,0.0,0.0,0.0,28061.173689109535,0.0,0.0,0.0,0.0,0.0,0.0,0.0,0.0,0.0,0.0,0.0,0.0,0.0,0.0,4481.884817581391,377.36504251288716,68.23495748718317,4104.519775068504
2035-04-01,209,0.0,0.0,0.0,0.0,0.0,28061.173689109535,0.0,0.0,0.0,0.0,28061.173689109535,0.0,0.0,0.0,0.0,0.0,0.0,0.0,0.0,0.0,0.0,0.0,0.0,0.0,0.0,4104.519775068504,383.110278876964,62.48972112323052,3721.40949619154
2035-05-01,210,0.0,0.0,0.0,0.0,0.0,28061.173689109535,0.0,0.0,0.0,0.0,28061.173689109535,0.0,0.0,0.0,0.0,0.0,0.0,0.0,0.0,0.0,0.0,0.0,0.0,0.0,0.0,3721.40949619154,388.942984235473,56.65701576464444,3332.466511956067
2035-06-01,211,0.0,0.0,0.0,0.0,0.0,28061.173689109535,0.0,0.0,0.0,0.0,28061.173689109535,0.0,0.0,0.0,0.0,0.0,0.0,0.0,0.0,0.0,0.0,0.0,0.0,0.0,0.0,3332.466511956067,394.86449027014896,50.73550972992054,2937.602021685918
2035-07-01,212,0.0,0.0,0.0,0.0,0.0,28061.173689109535,0.0,0.0,0.0,0.0,28061.173689109535,0.0,0.0,0.0,0.0,0.0,0.0,0.0,0.0,0.0,0.0,0.0,0.0,0.0,0.0,2937.602021685918,400.8761489368044,44.72385106321662,2536.7258727491135
2035-08-01,213,0.0,0.0,0.0,0.0,0.0,28061.173689109535,0.0,0.0,0.0,0.0,28061.173689109535,0.0,0.0,0.0,0.0,0.0,0.0,0.0,0.0,0.0,0.0,0.0,0.0,0.0,0.0,2536.7258727491135,406.9793327745283,38.620667225687804,2129.746539974585
2035-09-01,214,0.0,0.0,0.0,0.0,0.0,28061.173689109535,0.0,0.0,0.0,0.0,28061.173689109535,0.0,0.0,0.0,0.0,0.0,0.0,0.0,0.0,0.0,0.0,0.0,0.0,0.0,0.0,2129.746539974585,413.1754352180287,32.42456478211406,1716.5711047565565
2035-10-01,215,0.0,0.0,0.0,0.0,0.0,28061.173689109535,0.0,0.0,0.0,0.0,28061.173689109535,0.0,0.0,0.0,0.0,0.0,0.0,0.0,0.0,0.0,0.0,0.0,0.0,0.0,0.0,1716.5711047565565,419.46587091719266,26.134129082772574,1297.1052338393638
2035-11-01,216,0.0,0.0,0.0,0.0,0.0,28061.173689109535,0.0,0.0,0.0,0.0,28061.173689109535,0.0,0.0,0.0,0.0,0.0,0.0,0.0,0.0,0.0,0.0,0.0,0.0,0.0,0.0,1297.1052338393638,425.8520760597894,19.74792394044483,871.2531577795744
2035-12-01,217,0.0,0.0,0.0,0.0,0.0,28061.173689109535,0.0,0.0,0.0,0.0,28061.173689109535,0.0,0.0,0.0,0.0,0.0,0.0,0.0,0.0,0.0,0.0,0.0,0.0,0.0,0.0,871.2531577795744,432.3355086976662,13.264491302510752,438.91764908190817
2036-01-01,218,0.0,0.0,0.0,0.0,0.0,28061.173689109535,0.0,0.0,0.0,0.0,28061.173689109535,0.0,0.0,0.0,0.0,0.0,0.0,0.0,0.0,0.0,0.0,0.0,0.0,0.0,0.0,438.91764908190817,438.91764908190817,6.682350918076556,0.0
